feature,importance
cat__smoker_no,0.4251918873965673
num__bmi,0.21056189953749868
cat__smoker_yes,0.18483336742356604
num__age,0.13420037799172674
num__children,0.019557553109560453
cat__region_northeast,0.005552485049108735
cat__region_northwest,0.004614528459787803
cat__sex_male,0.0040904623801707
cat__region_southeast,0.004061496711403441
cat__sex_female,0.004010776361311324
cat__region_southwest,0.00332516557929869
