{
  "rmse": 4603.868639236086,
  "mae": 2525.6463391722145,
  "r2": 0.8634732390810893,
  "n_train": 1070,
  "n_test": 268
}